,num_features,g_fitness,g_accuracy,g_sensitivity,g_specificity,a_fitness,a_accuracy,a_sensitivity,a_specificity,spread_sum,spread_mean
0,79.0,0.5918570625281152,0.7708831908831908,0.4875,0.8807017543859649,0.5918570625281152,0.7708831908831908,0.4875,0.8807017543859649,0.0,0.0
1,73.0,0.625435794614742,0.8171168091168092,0.5142857142857142,0.9353801169590643,0.625435794614742,0.8171168091168092,0.5142857142857142,0.9353801169590643,0.0,0.0
2,41.0,0.6624343519054046,0.8013789173789174,0.5303571428571429,0.9078947368421053,0.6624343519054046,0.8013789173789174,0.5303571428571429,0.9078947368421053,0.0,0.0
3,41.0,0.6624343519054046,0.8013789173789174,0.5303571428571429,0.9078947368421053,0.6624343519054046,0.8013789173789174,0.5303571428571429,0.9078947368421053,0.0,0.0
4,41.0,0.6624343519054046,0.8013789173789174,0.5303571428571429,0.9078947368421053,0.6624343519054046,0.8013789173789174,0.5303571428571429,0.9078947368421053,0.0,0.0
5,41.0,0.5424433198380566,0.7805128205128204,0.42499999999999993,0.9184210526315789,0.6624343519054046,0.8013789173789174,0.5303571428571429,0.9078947368421053,0.0,0.0
6,41.0,0.6884885643596169,0.8167977207977207,0.5732142857142856,0.9122807017543859,0.6884885643596169,0.8167977207977207,0.5732142857142856,0.9122807017543859,0.0,0.0
7,29.0,0.6932194717563139,0.8172478632478632,0.5571428571428572,0.9190058479532164,0.6932194717563139,0.8172478632478632,0.5571428571428572,0.9190058479532164,0.0,0.0
8,29.0,0.6932194717563139,0.8172478632478632,0.5571428571428572,0.9190058479532164,0.6932194717563139,0.8172478632478632,0.5571428571428572,0.9190058479532164,0.0,0.0
9,29.0,0.6932194717563139,0.8172478632478632,0.5571428571428572,0.9190058479532164,0.6932194717563139,0.8172478632478632,0.5571428571428572,0.9190058479532164,0.0,0.0
10,29.0,0.5109966197545145,0.7536980056980057,0.3571428571428571,0.9084795321637428,0.6932194717563139,0.8172478632478632,0.5571428571428572,0.9190058479532164,0.0,0.0
11,29.0,0.6929797153139259,0.8204900284900285,0.5589285714285716,0.9233918128654972,0.6932194717563139,0.8172478632478632,0.5571428571428572,0.9190058479532164,0.0,0.0
12,28.0,0.6974769873401452,0.7922165242165242,0.5785714285714285,0.8745614035087719,0.6974769873401452,0.7922165242165242,0.5785714285714285,0.8745614035087719,0.0,0.0
13,28.0,0.6974769873401452,0.7922165242165242,0.5785714285714285,0.8745614035087719,0.6974769873401452,0.7922165242165242,0.5785714285714285,0.8745614035087719,0.0,0.0
14,28.0,0.6974769873401452,0.7922165242165242,0.5785714285714285,0.8745614035087719,0.6974769873401452,0.7922165242165242,0.5785714285714285,0.8745614035087719,0.0,0.0
15,28.0,0.49892610372084056,0.7425982905982906,0.36071428571428565,0.8918128654970762,0.6974769873401452,0.7922165242165242,0.5785714285714285,0.8745614035087719,0.0,0.0
16,28.0,0.6918259494891075,0.8090940170940172,0.5571428571428572,0.9073099415204678,0.6974769873401452,0.7922165242165242,0.5785714285714285,0.8745614035087719,0.0,0.0
17,28.0,0.6918259494891075,0.8090940170940172,0.5571428571428572,0.9073099415204678,0.6974769873401452,0.7922165242165242,0.5785714285714285,0.8745614035087719,0.0,0.0
18,26.0,0.7191723603881498,0.8277549857549857,0.5964285714285713,0.9181286549707602,0.7191723603881498,0.8277549857549857,0.5964285714285713,0.9181286549707602,0.0,0.0
19,26.0,0.7191723603881498,0.8277549857549857,0.5964285714285713,0.9181286549707602,0.7191723603881498,0.8277549857549857,0.5964285714285713,0.9181286549707602,0.0,0.0
20,26.0,0.7191723603881498,0.8277549857549857,0.5964285714285713,0.9181286549707602,0.7191723603881498,0.8277549857549857,0.5964285714285713,0.9181286549707602,0.0,0.0
21,26.0,0.552039817492449,0.7616866096866096,0.4428571428571429,0.885672514619883,0.7191723603881498,0.8277549857549857,0.5964285714285713,0.9181286549707602,0.0,0.0
22,26.0,0.7035426964848017,0.8197663817663818,0.5678571428571428,0.9184210526315789,0.7191723603881498,0.8277549857549857,0.5964285714285713,0.9181286549707602,0.0,0.0
23,26.0,0.7055726045883941,0.8181367521367522,0.575,0.9134502923976608,0.7191723603881498,0.8277549857549857,0.5964285714285713,0.9181286549707602,0.0,0.0
24,26.0,0.7099778002699055,0.8084786324786325,0.5875,0.8964912280701756,0.7191723603881498,0.8277549857549857,0.5964285714285713,0.9181286549707602,0.0,0.0
25,26.0,0.7099778002699055,0.8084786324786325,0.5875,0.8964912280701756,0.7191723603881498,0.8277549857549857,0.5964285714285713,0.9181286549707602,0.0,0.0
26,22.0,0.7285645106355633,0.8241937321937323,0.6089285714285714,0.9073099415204678,0.7285645106355633,0.8241937321937323,0.6089285714285714,0.9073099415204678,0.0,0.0
27,22.0,0.7285645106355633,0.8241937321937323,0.6089285714285714,0.9073099415204678,0.7285645106355633,0.8241937321937323,0.6089285714285714,0.9073099415204678,0.0,0.0
28,22.0,0.7285645106355633,0.8241937321937323,0.6089285714285714,0.9073099415204678,0.7285645106355633,0.8241937321937323,0.6089285714285714,0.9073099415204678,0.0,0.0
29,22.0,0.5348999614420668,0.7742905982905983,0.41785714285714287,0.9134502923976608,0.7285645106355633,0.8241937321937323,0.6089285714285714,0.9073099415204678,0.0,0.0
30,22.0,0.6901037658248185,0.8120626780626781,0.5392857142857144,0.9184210526315789,0.7285645106355633,0.8241937321937323,0.6089285714285714,0.9073099415204678,0.0,0.0
31,22.0,0.6901037658248185,0.8120626780626781,0.5392857142857144,0.9184210526315789,0.7285645106355633,0.8241937321937323,0.6089285714285714,0.9073099415204678,0.0,0.0
32,22.0,0.6901037658248185,0.8120626780626781,0.5392857142857144,0.9184210526315789,0.7285645106355633,0.8241937321937323,0.6089285714285714,0.9073099415204678,0.0,0.0
33,22.0,0.7107929181929182,0.8169287749287749,0.5714285714285714,0.9128654970760234,0.7285645106355633,0.8241937321937323,0.6089285714285714,0.9073099415204678,0.0,0.0
34,22.0,0.7107929181929182,0.8169287749287749,0.5714285714285714,0.9128654970760234,0.7285645106355633,0.8241937321937323,0.6089285714285714,0.9073099415204678,0.0,0.0
35,22.0,0.7107929181929182,0.8169287749287749,0.5714285714285714,0.9128654970760234,0.7285645106355633,0.8241937321937323,0.6089285714285714,0.9073099415204678,0.0,0.0
36,22.0,0.7127649251333462,0.8172364672364673,0.5857142857142856,0.9076023391812866,0.7285645106355633,0.8241937321937323,0.6089285714285714,0.9073099415204678,0.0,0.0
37,22.0,0.7127649251333462,0.8172364672364673,0.5857142857142856,0.9076023391812866,0.7285645106355633,0.8241937321937323,0.6089285714285714,0.9073099415204678,0.0,0.0
38,22.0,0.7180454244585823,0.8280398860398861,0.5982142857142857,0.9181286549707602,0.7285645106355633,0.8241937321937323,0.6089285714285714,0.9073099415204678,0.0,0.0
39,22.0,0.7180454244585823,0.8280398860398861,0.5982142857142857,0.9181286549707602,0.7285645106355633,0.8241937321937323,0.6089285714285714,0.9073099415204678,0.0,0.0
40,22.0,0.7180454244585823,0.8280398860398861,0.5982142857142857,0.9181286549707602,0.7285645106355633,0.8241937321937323,0.6089285714285714,0.9073099415204678,0.0,0.0
41,22.0,0.5797596619754515,0.7892364672364672,0.46071428571428574,0.9184210526315789,0.7285645106355633,0.8241937321937323,0.6089285714285714,0.9073099415204678,0.0,0.0
42,22.0,0.6968796639033482,0.8246552706552708,0.5410714285714286,0.935672514619883,0.7285645106355633,0.8241937321937323,0.6089285714285714,0.9073099415204678,0.0,0.0
43,22.0,0.6968796639033482,0.8246552706552708,0.5410714285714286,0.935672514619883,0.7285645106355633,0.8241937321937323,0.6089285714285714,0.9073099415204678,0.0,0.0
44,22.0,0.6992685945633315,0.8163589743589744,0.5571428571428572,0.9184210526315789,0.7285645106355633,0.8241937321937323,0.6089285714285714,0.9073099415204678,0.0,0.0
45,22.0,0.6992685945633315,0.8163589743589744,0.5571428571428572,0.9184210526315789,0.7285645106355633,0.8241937321937323,0.6089285714285714,0.9073099415204678,0.0,0.0
46,22.0,0.7036103528050897,0.812974358974359,0.5678571428571428,0.9078947368421053,0.7285645106355633,0.8241937321937323,0.6089285714285714,0.9073099415204678,0.0,0.0
47,22.0,0.7036103528050897,0.812974358974359,0.5678571428571428,0.9078947368421053,0.7285645106355633,0.8241937321937323,0.6089285714285714,0.9073099415204678,0.0,0.0
48,22.0,0.7201294550478761,0.8209515669515669,0.5982142857142857,0.9076023391812866,0.7285645106355633,0.8241937321937323,0.6089285714285714,0.9073099415204678,0.0,0.0
49,22.0,0.7201294550478761,0.8209515669515669,0.5982142857142857,0.9076023391812866,0.7285645106355633,0.8241937321937323,0.6089285714285714,0.9073099415204678,0.0,0.0
50,22.0,0.7201294550478761,0.8209515669515669,0.5982142857142857,0.9076023391812866,0.7285645106355633,0.8241937321937323,0.6089285714285714,0.9073099415204678,0.0,0.0
51,22.0,0.5153130004498425,0.7527977207977207,0.39999999999999997,0.89093567251462,0.7285645106355633,0.8241937321937323,0.6089285714285714,0.9073099415204678,0.0,0.0
52,22.0,0.6877080264764476,0.8289515669515669,0.5285714285714286,0.9464912280701755,0.7285645106355633,0.8241937321937323,0.6089285714285714,0.9073099415204678,0.0,0.0
53,22.0,0.7056302133538975,0.7883475783475783,0.5803571428571428,0.8690058479532163,0.7285645106355633,0.8241937321937323,0.6089285714285714,0.9073099415204678,0.0,0.0
54,22.0,0.7056302133538975,0.7883475783475783,0.5803571428571428,0.8690058479532163,0.7285645106355633,0.8241937321937323,0.6089285714285714,0.9073099415204678,0.0,0.0
55,22.0,0.7056302133538975,0.7883475783475783,0.5803571428571428,0.8690058479532163,0.7285645106355633,0.8241937321937323,0.6089285714285714,0.9073099415204678,0.0,0.0
56,22.0,0.5337013334618598,0.7420056980056979,0.40535714285714286,0.8742690058479532,0.7285645106355633,0.8241937321937323,0.6089285714285714,0.9073099415204678,0.0,0.0
57,22.0,0.6933718912666281,0.8205128205128206,0.5428571428571429,0.9301169590643275,0.7285645106355633,0.8241937321937323,0.6089285714285714,0.9073099415204678,0.0,0.0
58,22.0,0.6933718912666281,0.8205128205128206,0.5428571428571429,0.9301169590643275,0.7285645106355633,0.8241937321937323,0.6089285714285714,0.9073099415204678,0.0,0.0
59,22.0,0.7053909870830922,0.8050940170940171,0.5803571428571428,0.891812865497076,0.7285645106355633,0.8241937321937323,0.6089285714285714,0.9073099415204678,0.0,0.0
60,22.0,0.7053909870830922,0.8050940170940171,0.5803571428571428,0.891812865497076,0.7285645106355633,0.8241937321937323,0.6089285714285714,0.9073099415204678,0.0,0.0
61,22.0,0.7069576858813701,0.768962962962963,0.5946428571428573,0.8371345029239766,0.7285645106355633,0.8241937321937323,0.6089285714285714,0.9073099415204678,0.0,0.0
62,22.0,0.7069576858813701,0.768962962962963,0.5946428571428573,0.8371345029239766,0.7285645106355633,0.8241937321937323,0.6089285714285714,0.9073099415204678,0.0,0.0
63,22.0,0.7069576858813701,0.768962962962963,0.5946428571428573,0.8371345029239766,0.7285645106355633,0.8241937321937323,0.6089285714285714,0.9073099415204678,0.0,0.0
64,22.0,0.5058860580939528,0.7336866096866096,0.35892857142857143,0.8801169590643276,0.7285645106355633,0.8241937321937323,0.6089285714285714,0.9073099415204678,0.0,0.0
65,22.0,0.6858264218237902,0.7853675213675213,0.544642857142857,0.8801169590643273,0.7285645106355633,0.8241937321937323,0.6089285714285714,0.9073099415204678,0.0,0.0
66,22.0,0.7001525159051476,0.8042051282051282,0.5535714285714286,0.9017543859649123,0.7285645106355633,0.8241937321937323,0.6089285714285714,0.9073099415204678,0.0,0.0
67,22.0,0.7001525159051476,0.8042051282051282,0.5535714285714286,0.9017543859649123,0.7285645106355633,0.8241937321937323,0.6089285714285714,0.9073099415204678,0.0,0.0
68,22.0,0.7001525159051476,0.8042051282051282,0.5535714285714286,0.9017543859649123,0.7285645106355633,0.8241937321937323,0.6089285714285714,0.9073099415204678,0.0,0.0
69,22.0,0.70896780733886,0.8243475783475784,0.5696428571428571,0.9242690058479532,0.7285645106355633,0.8241937321937323,0.6089285714285714,0.9073099415204678,0.0,0.0
70,22.0,0.70896780733886,0.8243475783475784,0.5696428571428571,0.9242690058479532,0.7285645106355633,0.8241937321937323,0.6089285714285714,0.9073099415204678,0.0,0.0
71,22.0,0.70896780733886,0.8243475783475784,0.5696428571428571,0.9242690058479532,0.7285645106355633,0.8241937321937323,0.6089285714285714,0.9073099415204678,0.0,0.0
72,22.0,0.5192736874236874,0.7576980056980056,0.3839285714285714,0.9023391812865498,0.7285645106355633,0.8241937321937323,0.6089285714285714,0.9073099415204678,0.0,0.0
73,22.0,0.6958643756827968,0.8055441595441597,0.5589285714285714,0.9020467836257311,0.7285645106355633,0.8241937321937323,0.6089285714285714,0.9073099415204678,0.0,0.0
74,22.0,0.6958643756827968,0.8055441595441597,0.5589285714285714,0.9020467836257311,0.7285645106355633,0.8241937321937323,0.6089285714285714,0.9073099415204678,0.0,0.0
75,22.0,0.7068698541224858,0.8206438746438748,0.5571428571428572,0.9236842105263158,0.7285645106355633,0.8241937321937323,0.6089285714285714,0.9073099415204678,0.0,0.0
76,22.0,0.7068698541224858,0.8206438746438748,0.5571428571428572,0.9236842105263158,0.7285645106355633,0.8241937321937323,0.6089285714285714,0.9073099415204678,0.0,0.0
77,22.0,0.7068698541224858,0.8206438746438748,0.5571428571428572,0.9236842105263158,0.7285645106355633,0.8241937321937323,0.6089285714285714,0.9073099415204678,0.0,0.0
78,22.0,0.5328248473748474,0.7433447293447293,0.4196428571428571,0.8692982456140351,0.7285645106355633,0.8241937321937323,0.6089285714285714,0.9073099415204678,0.0,0.0
79,22.0,0.706399286678234,0.7977094017094017,0.5678571428571428,0.8871345029239768,0.7285645106355633,0.8241937321937323,0.6089285714285714,0.9073099415204678,0.0,0.0
80,22.0,0.706399286678234,0.7977094017094017,0.5678571428571428,0.8871345029239768,0.7285645106355633,0.8241937321937323,0.6089285714285714,0.9073099415204678,0.0,0.0
81,22.0,0.706399286678234,0.7977094017094017,0.5678571428571428,0.8871345029239768,0.7285645106355633,0.8241937321937323,0.6089285714285714,0.9073099415204678,0.0,0.0
82,22.0,0.5478326296510507,0.7692478632478632,0.44464285714285723,0.8961988304093568,0.7285645106355633,0.8241937321937323,0.6089285714285714,0.9073099415204678,0.0,0.0
83,22.0,0.7030639258402416,0.8084900284900286,0.5589285714285714,0.9076023391812866,0.7285645106355633,0.8241937321937323,0.6089285714285714,0.9073099415204678,0.0,0.0
84,22.0,0.7030639258402416,0.8084900284900286,0.5589285714285714,0.9076023391812866,0.7285645106355633,0.8241937321937323,0.6089285714285714,0.9073099415204678,0.0,0.0
85,22.0,0.7185444123128334,0.8365014245014246,0.5857142857142856,0.9347953216374268,0.7285645106355633,0.8241937321937323,0.6089285714285714,0.9073099415204678,0.0,0.0
86,22.0,0.7185444123128334,0.8365014245014246,0.5857142857142856,0.9347953216374268,0.7285645106355633,0.8241937321937323,0.6089285714285714,0.9073099415204678,0.0,0.0
87,22.0,0.7185444123128334,0.8365014245014246,0.5857142857142856,0.9347953216374268,0.7285645106355633,0.8241937321937323,0.6089285714285714,0.9073099415204678,0.0,0.0
88,22.0,0.46947264314632736,0.7231794871794872,0.3071428571428571,0.8862573099415206,0.7285645106355633,0.8241937321937323,0.6089285714285714,0.9073099415204678,0.0,0.0
89,22.0,0.7009904087140928,0.7847863247863247,0.5732142857142856,0.8690058479532163,0.7285645106355633,0.8241937321937323,0.6089285714285714,0.9073099415204678,0.0,0.0
90,22.0,0.7009904087140928,0.7847863247863247,0.5732142857142856,0.8690058479532163,0.7285645106355633,0.8241937321937323,0.6089285714285714,0.9073099415204678,0.0,0.0
91,22.0,0.7045851519825204,0.8121823361823362,0.5660714285714284,0.9073099415204678,0.7285645106355633,0.8241937321937323,0.6089285714285714,0.9073099415204678,0.0,0.0
92,22.0,0.7045851519825204,0.8121823361823362,0.5660714285714284,0.9073099415204678,0.7285645106355633,0.8241937321937323,0.6089285714285714,0.9073099415204678,0.0,0.0
93,22.0,0.7045851519825204,0.8121823361823362,0.5660714285714284,0.9073099415204678,0.7285645106355633,0.8241937321937323,0.6089285714285714,0.9073099415204678,0.0,0.0
94,22.0,0.7076911091832144,0.788951566951567,0.5946428571428573,0.864327485380117,0.7285645106355633,0.8241937321937323,0.6089285714285714,0.9073099415204678,0.0,0.0
95,22.0,0.7099243204164256,0.8202051282051283,0.5803571428571428,0.9134502923976608,0.7285645106355633,0.8241937321937323,0.6089285714285714,0.9073099415204678,0.0,0.0
96,22.0,0.7099243204164256,0.8202051282051283,0.5803571428571428,0.9134502923976608,0.7285645106355633,0.8241937321937323,0.6089285714285714,0.9073099415204678,0.0,0.0
97,22.0,0.7099243204164256,0.8202051282051283,0.5803571428571428,0.9134502923976608,0.7285645106355633,0.8241937321937323,0.6089285714285714,0.9073099415204678,0.0,0.0
98,22.0,0.5142648415911574,0.7464216524216524,0.3785714285714285,0.8912280701754387,0.7285645106355633,0.8241937321937323,0.6089285714285714,0.9073099415204678,0.0,0.0
99,22.0,0.6984501221001221,0.8085242165242166,0.5517857142857142,0.908187134502924,0.7285645106355633,0.8241937321937323,0.6089285714285714,0.9073099415204678,0.0,0.0
100,22.0,0.7041870509607352,0.8043703703703704,0.5678571428571428,0.8967836257309942,0.7285645106355633,0.8241937321937323,0.6089285714285714,0.9073099415204678,0.0,0.0
101,22.0,0.7041870509607352,0.8043703703703704,0.5678571428571428,0.8967836257309942,0.7285645106355633,0.8241937321937323,0.6089285714285714,0.9073099415204678,0.0,0.0
102,22.0,0.7041870509607352,0.8043703703703704,0.5678571428571428,0.8967836257309942,0.7285645106355633,0.8241937321937323,0.6089285714285714,0.9073099415204678,0.0,0.0
103,22.0,0.7056871955529851,0.8274472934472934,0.5696428571428572,0.9283625730994153,0.7285645106355633,0.8241937321937323,0.6089285714285714,0.9073099415204678,0.0,0.0
104,22.0,0.7056871955529851,0.8274472934472934,0.5696428571428572,0.9283625730994153,0.7285645106355633,0.8241937321937323,0.6089285714285714,0.9073099415204678,0.0,0.0
105,22.0,0.7056871955529851,0.8274472934472934,0.5696428571428572,0.9283625730994153,0.7285645106355633,0.8241937321937323,0.6089285714285714,0.9073099415204678,0.0,0.0
106,22.0,0.5374003341687551,0.7612592592592592,0.42857142857142855,0.89093567251462,0.7285645106355633,0.8241937321937323,0.6089285714285714,0.9073099415204678,0.0,0.0
107,22.0,0.703766708437761,0.812962962962963,0.5660714285714286,0.908187134502924,0.7285645106355633,0.8241937321937323,0.6089285714285714,0.9073099415204678,0.0,0.0
108,22.0,0.7207241565452092,0.8129401709401709,0.6,0.896783625730994,0.7285645106355633,0.8241937321937323,0.6089285714285714,0.9073099415204678,0.0,0.0
109,22.0,0.7207241565452092,0.8129401709401709,0.6,0.896783625730994,0.7285645106355633,0.8241937321937323,0.6089285714285714,0.9073099415204678,0.0,0.0
110,22.0,0.7207241565452092,0.8129401709401709,0.6,0.896783625730994,0.7285645106355633,0.8241937321937323,0.6089285714285714,0.9073099415204678,0.0,0.0
111,22.0,0.5621060985797828,0.7581481481481481,0.4714285714285714,0.8695906432748537,0.7285645106355633,0.8241937321937323,0.6089285714285714,0.9073099415204678,0.0,0.0
112,22.0,0.7169327164064007,0.8170940170940172,0.5857142857142856,0.9076023391812866,0.7285645106355633,0.8241937321937323,0.6089285714285714,0.9073099415204678,0.0,0.0
113,22.0,0.7169327164064007,0.8170940170940172,0.5857142857142856,0.9076023391812866,0.7285645106355633,0.8241937321937323,0.6089285714285714,0.9073099415204678,0.0,0.0
114,22.0,0.7169327164064007,0.8170940170940172,0.5857142857142856,0.9076023391812866,0.7285645106355633,0.8241937321937323,0.6089285714285714,0.9073099415204678,0.0,0.0
115,22.0,0.5410697191697191,0.7499943019943018,0.4321428571428571,0.8748538011695907,0.7285645106355633,0.8241937321937323,0.6089285714285714,0.9073099415204678,0.0,0.0
116,22.0,0.7064405757984706,0.8170826210826212,0.55,0.923391812865497,0.7285645106355633,0.8241937321937323,0.6089285714285714,0.9073099415204678,0.0,0.0
117,22.0,0.7096424908424909,0.8130940170940171,0.5714285714285714,0.9076023391812866,0.7285645106355633,0.8241937321937323,0.6089285714285714,0.9073099415204678,0.0,0.0
118,22.0,0.7096424908424909,0.8130940170940171,0.5714285714285714,0.9076023391812866,0.7285645106355633,0.8241937321937323,0.6089285714285714,0.9073099415204678,0.0,0.0
119,22.0,0.7226481427928796,0.8198860398860399,0.6017857142857143,0.9067251461988303,0.7285645106355633,0.8241937321937323,0.6089285714285714,0.9073099415204678,0.0,0.0
120,22.0,0.7226481427928796,0.8198860398860399,0.6017857142857143,0.9067251461988303,0.7285645106355633,0.8241937321937323,0.6089285714285714,0.9073099415204678,0.0,0.0
121,22.0,0.7226481427928796,0.8198860398860399,0.6017857142857143,0.9067251461988303,0.7285645106355633,0.8241937321937323,0.6089285714285714,0.9073099415204678,0.0,0.0
122,22.0,0.5393107640897115,0.7276524216524216,0.43571428571428567,0.8426900584795322,0.7285645106355633,0.8241937321937323,0.6089285714285714,0.9073099415204678,0.0,0.0
123,22.0,0.6901978825268298,0.7883475783475783,0.5410714285714284,0.8853801169590645,0.7285645106355633,0.8241937321937323,0.6089285714285714,0.9073099415204678,0.0,0.0
124,22.0,0.6901978825268298,0.7883475783475783,0.5410714285714284,0.8853801169590645,0.7285645106355633,0.8241937321937323,0.6089285714285714,0.9073099415204678,0.0,0.0
125,22.0,0.7116462438146648,0.7896980056980056,0.6,0.8646198830409357,0.7285645106355633,0.8241937321937323,0.6089285714285714,0.9073099415204678,0.0,0.0
126,22.0,0.7116462438146648,0.7896980056980056,0.6,0.8646198830409357,0.7285645106355633,0.8241937321937323,0.6089285714285714,0.9073099415204678,0.0,0.0
127,22.0,0.7116462438146648,0.7896980056980056,0.6,0.8646198830409357,0.7285645106355633,0.8241937321937323,0.6089285714285714,0.9073099415204678,0.0,0.0
128,22.0,0.49730513463145043,0.7494131054131054,0.34285714285714286,0.9081871345029239,0.7285645106355633,0.8241937321937323,0.6089285714285714,0.9073099415204678,0.0,0.0
129,22.0,0.695686568986569,0.7963361823361823,0.5535714285714285,0.8906432748538012,0.7285645106355633,0.8241937321937323,0.6089285714285714,0.9073099415204678,0.0,0.0
130,22.0,0.7066510989010989,0.812051282051282,0.5660714285714286,0.9078947368421053,0.7285645106355633,0.8241937321937323,0.6089285714285714,0.9073099415204678,0.0,0.0
131,22.0,0.7066510989010989,0.812051282051282,0.5660714285714286,0.9078947368421053,0.7285645106355633,0.8241937321937323,0.6089285714285714,0.9073099415204678,0.0,0.0
132,22.0,0.7068097423044791,0.8176866096866098,0.5714285714285714,0.9137426900584795,0.7285645106355633,0.8241937321937323,0.6089285714285714,0.9073099415204678,0.0,0.0
133,22.0,0.7068097423044791,0.8176866096866098,0.5714285714285714,0.9137426900584795,0.7285645106355633,0.8241937321937323,0.6089285714285714,0.9073099415204678,0.0,0.0
134,22.0,0.7068097423044791,0.8176866096866098,0.5714285714285714,0.9137426900584795,0.7285645106355633,0.8241937321937323,0.6089285714285714,0.9073099415204678,0.0,0.0
135,22.0,0.5393870413212518,0.7466096866096865,0.41607142857142854,0.8757309941520468,0.7285645106355633,0.8241937321937323,0.6089285714285714,0.9073099415204678,0.0,0.0
136,22.0,0.702313045434098,0.7932364672364672,0.575,0.8801169590643274,0.7285645106355633,0.8241937321937323,0.6089285714285714,0.9073099415204678,0.0,0.0
137,22.0,0.7296847182057709,0.824951566951567,0.6107142857142857,0.908187134502924,0.7296847182057709,0.824951566951567,0.6107142857142857,0.908187134502924,0.0,0.0
138,22.0,0.7296847182057709,0.824951566951567,0.6107142857142857,0.908187134502924,0.7296847182057709,0.824951566951567,0.6107142857142857,0.908187134502924,0.0,0.0
139,22.0,0.7296847182057709,0.824951566951567,0.6107142857142857,0.908187134502924,0.7296847182057709,0.824951566951567,0.6107142857142857,0.908187134502924,0.0,0.0
140,22.0,0.5077248891459418,0.7267521367521367,0.3857142857142857,0.8596491228070177,0.7296847182057709,0.824951566951567,0.6107142857142857,0.908187134502924,0.0,0.0
141,22.0,0.7252540710751236,0.8280398860398861,0.5999999999999999,0.9181286549707603,0.7296847182057709,0.824951566951567,0.6107142857142857,0.908187134502924,0.0,0.0
142,22.0,0.7252540710751236,0.8280398860398861,0.5999999999999999,0.9181286549707603,0.7296847182057709,0.824951566951567,0.6107142857142857,0.908187134502924,0.0,0.0
143,22.0,0.7252540710751236,0.8280398860398861,0.5999999999999999,0.9181286549707603,0.7296847182057709,0.824951566951567,0.6107142857142857,0.908187134502924,0.0,0.0
144,21.0,0.7354717209690893,0.825851851851852,0.619642857142857,0.9076023391812866,0.7354717209690893,0.825851851851852,0.619642857142857,0.9076023391812866,0.0,0.0
145,21.0,0.7354717209690893,0.825851851851852,0.619642857142857,0.9076023391812866,0.7354717209690893,0.825851851851852,0.619642857142857,0.9076023391812866,0.0,0.0
146,21.0,0.7354717209690893,0.825851851851852,0.619642857142857,0.9076023391812866,0.7354717209690893,0.825851851851852,0.619642857142857,0.9076023391812866,0.0,0.0
147,21.0,0.5349213096844676,0.7658404558404558,0.38928571428571423,0.9125730994152047,0.7354717209690893,0.825851851851852,0.619642857142857,0.9076023391812866,0.0,0.0
148,21.0,0.723911702332755,0.8354700854700855,0.5928571428571429,0.9289473684210527,0.7354717209690893,0.825851851851852,0.619642857142857,0.9076023391812866,0.0,0.0
149,21.0,0.723911702332755,0.8354700854700855,0.5928571428571429,0.9289473684210527,0.7354717209690893,0.825851851851852,0.619642857142857,0.9076023391812866,0.0,0.0
150,21.0,0.723911702332755,0.8354700854700855,0.5928571428571429,0.9289473684210527,0.7354717209690893,0.825851851851852,0.619642857142857,0.9076023391812866,0.0,0.0
151,21.0,0.524869507101086,0.7439259259259259,0.39285714285714285,0.8807017543859651,0.7354717209690893,0.825851851851852,0.619642857142857,0.9076023391812866,0.0,0.0
152,21.0,0.7030610372084056,0.821982905982906,0.5571428571428572,0.9245614035087719,0.7354717209690893,0.825851851851852,0.619642857142857,0.9076023391812866,0.0,0.0
153,21.0,0.7195279673542831,0.8127749287749289,0.5892857142857143,0.9011695906432748,0.7354717209690893,0.825851851851852,0.619642857142857,0.9076023391812866,0.0,0.0
154,21.0,0.7195279673542831,0.8127749287749289,0.5892857142857143,0.9011695906432748,0.7354717209690893,0.825851851851852,0.619642857142857,0.9076023391812866,0.0,0.0
155,21.0,0.7197919831630357,0.8128091168091169,0.5982142857142856,0.8970760233918128,0.7354717209690893,0.825851851851852,0.619642857142857,0.9076023391812866,0.0,0.0
156,21.0,0.7197919831630357,0.8128091168091169,0.5982142857142856,0.8970760233918128,0.7354717209690893,0.825851851851852,0.619642857142857,0.9076023391812866,0.0,0.0
157,21.0,0.7197919831630357,0.8128091168091169,0.5982142857142856,0.8970760233918128,0.7354717209690893,0.825851851851852,0.619642857142857,0.9076023391812866,0.0,0.0
158,21.0,0.7204947079236552,0.8000512820512821,0.5946428571428571,0.8807017543859649,0.7354717209690893,0.825851851851852,0.619642857142857,0.9076023391812866,0.0,0.0
159,21.0,0.7204947079236552,0.8000512820512821,0.5946428571428571,0.8807017543859649,0.7354717209690893,0.825851851851852,0.619642857142857,0.9076023391812866,0.0,0.0
160,19.0,0.7373615384615385,0.8162051282051281,0.625,0.8915204678362574,0.7373615384615385,0.8162051282051281,0.625,0.8915204678362574,0.0,0.0
161,19.0,0.7373615384615385,0.8162051282051281,0.625,0.8915204678362574,0.7373615384615385,0.8162051282051281,0.625,0.8915204678362574,0.0,0.0
162,19.0,0.7373615384615385,0.8162051282051281,0.625,0.8915204678362574,0.7373615384615385,0.8162051282051281,0.625,0.8915204678362574,0.0,0.0
163,19.0,0.5653757470599575,0.7647863247863247,0.4571428571428572,0.885672514619883,0.7373615384615385,0.8162051282051281,0.625,0.8915204678362574,0.0,0.0
164,19.0,0.6998172225435383,0.8006438746438747,0.5571428571428572,0.8967836257309942,0.7373615384615385,0.8162051282051281,0.625,0.8915204678362574,0.0,0.0
165,19.0,0.7047343422659211,0.808951566951567,0.5535714285714285,0.908187134502924,0.7373615384615385,0.8162051282051281,0.625,0.8915204678362574,0.0,0.0
166,19.0,0.7389927350427351,0.8008091168091168,0.6375,0.864327485380117,0.7389927350427351,0.8008091168091168,0.6375,0.864327485380117,0.0,0.0
167,19.0,0.7389927350427351,0.8008091168091168,0.6375,0.864327485380117,0.7389927350427351,0.8008091168091168,0.6375,0.864327485380117,0.0,0.0
168,19.0,0.7389927350427351,0.8008091168091168,0.6375,0.864327485380117,0.7389927350427351,0.8008091168091168,0.6375,0.864327485380117,0.0,0.0
169,17.0,0.743921441424073,0.8221253561253562,0.6303571428571428,0.8982456140350876,0.743921441424073,0.8221253561253562,0.6303571428571428,0.8982456140350876,0.0,0.0
170,17.0,0.743921441424073,0.8221253561253562,0.6303571428571428,0.8982456140350876,0.743921441424073,0.8221253561253562,0.6303571428571428,0.8982456140350876,0.0,0.0
171,17.0,0.743921441424073,0.8221253561253562,0.6303571428571428,0.8982456140350876,0.743921441424073,0.8221253561253562,0.6303571428571428,0.8982456140350876,0.0,0.0
172,17.0,0.5441809588072746,0.7449515669515668,0.43928571428571433,0.8640350877192983,0.743921441424073,0.8221253561253562,0.6303571428571428,0.8982456140350876,0.0,0.0
173,17.0,0.7307176691729323,0.8246666666666668,0.5982142857142857,0.9131578947368422,0.743921441424073,0.8221253561253562,0.6303571428571428,0.8982456140350876,0.0,0.0
174,17.0,0.7307176691729323,0.8246666666666668,0.5982142857142857,0.9131578947368422,0.743921441424073,0.8221253561253562,0.6303571428571428,0.8982456140350876,0.0,0.0
175,17.0,0.7307176691729323,0.8246666666666668,0.5982142857142857,0.9131578947368422,0.743921441424073,0.8221253561253562,0.6303571428571428,0.8982456140350876,0.0,0.0
176,17.0,0.5476144560118243,0.7579943019943018,0.4446428571428571,0.8807017543859649,0.743921441424073,0.8221253561253562,0.6303571428571428,0.8982456140350876,0.0,0.0
177,17.0,0.7009483098772572,0.8241823361823363,0.5410714285714285,0.9347953216374268,0.743921441424073,0.8221253561253562,0.6303571428571428,0.8982456140350876,0.0,0.0
178,17.0,0.7253283754257438,0.8277549857549857,0.5982142857142857,0.9181286549707602,0.743921441424073,0.8221253561253562,0.6303571428571428,0.8982456140350876,0.0,0.0
179,17.0,0.7253283754257438,0.8277549857549857,0.5982142857142857,0.9181286549707602,0.743921441424073,0.8221253561253562,0.6303571428571428,0.8982456140350876,0.0,0.0
180,17.0,0.7253283754257438,0.8277549857549857,0.5982142857142857,0.9181286549707602,0.743921441424073,0.8221253561253562,0.6303571428571428,0.8982456140350876,0.0,0.0
181,17.0,0.5126761647709015,0.7348603988603988,0.3928571428571428,0.8692982456140349,0.743921441424073,0.8221253561253562,0.6303571428571428,0.8982456140350876,0.0,0.0
182,17.0,0.7164179969153655,0.8218632478632479,0.5839285714285715,0.9137426900584795,0.743921441424073,0.8221253561253562,0.6303571428571428,0.8982456140350876,0.0,0.0
183,17.0,0.7164179969153655,0.8218632478632479,0.5839285714285715,0.9137426900584795,0.743921441424073,0.8221253561253562,0.6303571428571428,0.8982456140350876,0.0,0.0
184,17.0,0.7259694203457361,0.8134131054131055,0.6017857142857143,0.8973684210526317,0.743921441424073,0.8221253561253562,0.6303571428571428,0.8982456140350876,0.0,0.0
185,16.0,0.758488358717306,0.8314586894586895,0.6517857142857143,0.9014619883040936,0.758488358717306,0.8314586894586895,0.6517857142857143,0.9014619883040936,0.0,0.0
186,16.0,0.758488358717306,0.8314586894586895,0.6517857142857143,0.9014619883040936,0.758488358717306,0.8314586894586895,0.6517857142857143,0.9014619883040936,0.0,0.0
187,16.0,0.758488358717306,0.8314586894586895,0.6517857142857143,0.9014619883040936,0.758488358717306,0.8314586894586895,0.6517857142857143,0.9014619883040936,0.0,0.0
188,16.0,0.5150203457361352,0.765105413105413,0.3857142857142857,0.9122807017543859,0.758488358717306,0.8314586894586895,0.6517857142857143,0.9014619883040936,0.0,0.0
189,16.0,0.7288129136944927,0.796951566951567,0.6089285714285715,0.8695906432748537,0.758488358717306,0.8314586894586895,0.6517857142857143,0.9014619883040936,0.0,0.0
190,16.0,0.7381894833236939,0.8330940170940172,0.6017857142857143,0.9242690058479532,0.758488358717306,0.8314586894586895,0.6517857142857143,0.9014619883040936,0.0,0.0
191,16.0,0.7381894833236939,0.8330940170940172,0.6017857142857143,0.9242690058479532,0.758488358717306,0.8314586894586895,0.6517857142857143,0.9014619883040936,0.0,0.0
192,16.0,0.7381894833236939,0.8330940170940172,0.6017857142857143,0.9242690058479532,0.758488358717306,0.8314586894586895,0.6517857142857143,0.9014619883040936,0.0,0.0
193,16.0,0.5512948300237773,0.7705754985754985,0.43392857142857133,0.9020467836257311,0.758488358717306,0.8314586894586895,0.6517857142857143,0.9014619883040936,0.0,0.0
194,16.0,0.7551239573292204,0.8256638176638177,0.6464285714285714,0.896783625730994,0.758488358717306,0.8314586894586895,0.6517857142857143,0.9014619883040936,0.0,0.0
195,16.0,0.7551239573292204,0.8256638176638177,0.6464285714285714,0.896783625730994,0.758488358717306,0.8314586894586895,0.6517857142857143,0.9014619883040936,0.0,0.0
196,16.0,0.7551239573292204,0.8256638176638177,0.6464285714285714,0.896783625730994,0.758488358717306,0.8314586894586895,0.6517857142857143,0.9014619883040936,0.0,0.0
197,16.0,0.5177625795257373,0.7443589743589742,0.36785714285714277,0.8903508771929826,0.758488358717306,0.8314586894586895,0.6517857142857143,0.9014619883040936,0.0,0.0
198,16.0,0.7029538043827517,0.8011054131054131,0.5589285714285714,0.8961988304093568,0.758488358717306,0.8314586894586895,0.6517857142857143,0.9014619883040936,0.0,0.0
199,16.0,0.7217575284364758,0.8250940170940172,0.5821428571428571,0.9192982456140351,0.758488358717306,0.8314586894586895,0.6517857142857143,0.9014619883040936,0.0,0.0
